{"position": {"x": 0.06720127791667697, "y": 0.33843254686934554, "z": 0.2992273898482142}, "orientation": {"x": 0.3951653927994701, "y": -0.9134937290384239, "z": -0.05890727628739051, "w": 0.0768339257198021}}