{"position": {"x": -0.2119735886864133, "y": 0.8329424517154689, "z": 0.2773122784361848}, "orientation": {"x": -0.5107353877362539, "y": 0.8255685174851966, "z": 0.23691711202453966, "w": 0.03816108857389792}}