{"position": {"x": 0.3016789433322703, "y": 0.8034367283392648, "z": 0.2802879043977615}, "orientation": {"x": -0.24017880145932025, "y": 0.9413328800615184, "z": 0.211759595946843, "w": 0.1066040607532434}}