{"position": {"x": -0.22759027802537107, "y": 0.4142783703393737, "z": 0.2965404666936415}, "orientation": {"x": 0.6466865959431723, "y": -0.7518164427018155, "z": -0.003504584042346178, "w": 0.12867090192156855}}