{"position": {"x": 0.3372742983986901, "y": 0.6243545369175492, "z": 0.3101311580969521}, "orientation": {"x": 0.18994699051830224, "y": -0.9810413115681856, "z": -0.03134250539182576, "w": 0.02226506558215324}}