{"position": {"x": 0.04352906178691877, "y": 0.8447975179520358, "z": 0.2920166737218915}, "orientation": {"x": -0.386848755035584, "y": 0.9036983188774543, "z": 0.17510762368164792, "w": 0.05490636861100862}}