{"position": {"x": 0.3110613500462945, "y": 0.27227443928914086, "z": 0.29871268263040696}, "orientation": {"x": -0.06492538135292987, "y": 0.9913321318113921, "z": 0.11411325809134946, "w": 0.004843926324198989}}