{"position": {"x": 0.09404105006522641, "y": 0.6822563244374665, "z": 0.29832361689378273}, "orientation": {"x": 0.3454254669632966, "y": -0.9294455212551528, "z": 0.005747478170365507, "w": 0.1295346914405827}}