{"position": {"x": -0.1893633704321756, "y": 0.7155646859975388, "z": 0.29254155144568017}, "orientation": {"x": 0.5110117762347469, "y": -0.8426127094287372, "z": -0.002248184435304534, "w": 0.16989918223851522}}