{"position": {"x": -0.29944838734911555, "y": 0.5347148900219924, "z": 0.31016304588808596}, "orientation": {"x": -0.32168159042380007, "y": 0.9462369107529977, "z": -0.019475666966688832, "w": 0.02788120347547276}}