{"position": {"x": -0.21058337083314613, "y": 0.28420895779727906, "z": 0.2915420848212622}, "orientation": {"x": 0.40789634067124864, "y": -0.8983941068112573, "z": 0.024386815488628318, "w": 0.16097790949112034}}