{"position": {"x": -0.12808716420542868, "y": 0.7622179078744066, "z": 0.2707301167815838}, "orientation": {"x": 0.1449449585695542, "y": -0.952970372247076, "z": -0.14838465862751238, "w": 0.22095343782918625}}