{"position": {"x": 0.3138133930356001, "y": 0.6990949104862678, "z": 0.29497901189467723}, "orientation": {"x": -0.15464878380754105, "y": -0.9717898350088493, "z": -0.1780106167279724, "w": 0.004526651350481224}}