{"position": {"x": 0.034976787148103775, "y": 0.2738210062189398, "z": 0.30029676308280284}, "orientation": {"x": 0.0916307178712608, "y": -0.990509439634072, "z": 0.08467086551484077, "w": 0.05766893506179688}}