{"position": {"x": 0.32061301254431984, "y": 0.5733932239464075, "z": 0.3041255441755911}, "orientation": {"x": 0.18259389977016297, "y": 0.977115997262105, "z": -0.10825275371323935, "w": 0.013606504867400046}}