{"position": {"x": 0.34573482974187597, "y": 0.1966495521016783, "z": 0.304897234714684}, "orientation": {"x": -0.41002351445251767, "y": -0.9092027563952519, "z": 0.010620686907232165, "w": 0.07154206013877774}}