{"position": {"x": 0.08300466924002463, "y": 0.7472873897039747, "z": 0.30004383726502615}, "orientation": {"x": -0.0019051969717365413, "y": -0.989276340843144, "z": -0.11560650428462914, "w": 0.08924028148536142}}