{"position": {"x": 0.007404327606610809, "y": 0.5257635081495194, "z": 0.30865909831945626}, "orientation": {"x": -0.08000893176140267, "y": 0.9965356667607703, "z": -0.01483945983824023, "w": 0.017176325095179884}}